{
  "BE": {
    "min": 2927.4874999999997,
    "max": 11572.6625
  },
  "CZ": {
    "min": 3986.8708333333334,
    "max": 9650.8875
  },
  "DE": {
    "min": -51.53020833332266,
    "max": 60591.878125
  },
  "DK": {
    "min": -2780.4083333333333,
    "max": 4184.220833333334
  },
  "ES": {
    "min": 4472.708333333336,
    "max": 30133.458333333332
  },
  "FI": {
    "min": 2938.510416666667,
    "max": 12313.0625
  },
  "FR": {
    "min": 20627.04166666667,
    "max": 80586.41666666667
  },
  "GB": {
    "min": -24.0503787878788,
    "max": 41177.58541666667
  },
  "HU": {
    "min": 2341.9114583333335,
    "max": 6140.298958333334
  },
  "IE": {
    "min": 635.2937499999998,
    "max": 4497.5875
  },
  "IT": {
    "min": 10789.083333333334,
    "max": 40166.041666666664
  },
  "NL": {
    "min": 5996.6656250000015,
    "max": 15311.929166666667
  },
  "NO": {
    "min": 8977.737500000001,
    "max": 22330.48333333333
  },
  "PL": {
    "min": 5946.037500000002,
    "max": 23411.691666666666
  },
  "PT": {
    "min": 276.84583333333285,
    "max": 6926.054166666667
  },
  "SE": {
    "min": 3457.324999999999,
    "max": 21999.125
  },
  "SK": {
    "min": 2020.8291666666669,
    "max": 4055.995833333334
  }
}