{
  "DE": {
    "min": -51.53020833332266,
    "max": 60591.878125
  },
  "DK": {
    "min": -2780.4083333333333,
    "max": 4184.220833333334
  },
  "ES": {
    "min": 4472.708333333336,
    "max": 30133.458333333332
  },
  "FR": {
    "min": 20627.04166666667,
    "max": 80586.41666666667
  },
  "IT": {
    "min": 10789.083333333334,
    "max": 40166.041666666664
  },
  "PL": {
    "min": 5946.037500000002,
    "max": 23411.691666666666
  }
}